{"_type":"export","__export_format":4,"__export_date":"2024-07-19T18:34:14.861Z","__export_source":"insomnia.desktop.app:v2023.4.0","resources":[{"_id":"req_96a3875cc2d44e99bdebc6b43a069357","parentId":"fld_047200127dd34774873687059f37bccf","modified":1721413785575,"created":1720550421238,"url":"https://api.hm.bb.com.br/loc/{{ _.id }}/txid","name":"Desvincular uma cobrança de uma location.","description":"","method":"GET","body":{},"parameters":[],"headers":[],"authentication":{"clientId":"Cole aqui o client ID obtido na criação da sua API","grantType":"client_credentials","scope":"payloadlocation.write","type":"oauth2","clientSecret":"Cole aqui o client secret obtido na criação da sua API","accessTokenUrl":"https://oauth.hm.bb.com.br/oauth/token"},"metaSortKey":-1720550421238,"isPrivate":false,"settingStoreCookies":true,"settingSendCookies":true,"settingDisableRenderRequestBody":false,"settingEncodeUrl":true,"settingRebuildPath":true,"settingFollowRedirects":"global","_type":"request"},{"_id":"fld_047200127dd34774873687059f37bccf","parentId":"wrk_0cc0094d5ff94f839befc885008eb884","modified":1720550421204,"created":1720550421204,"name":"Loc","description":"Reúne endpoints destinados a lidar com configuração e remoção de locations para uso dos payloads.","environment":{},"environmentPropertyOrder":null,"metaSortKey":-1720550421204,"_type":"request_group"},{"_id":"wrk_0cc0094d5ff94f839befc885008eb884","parentId":null,"modified":1721413332850,"created":1721413332850,"name":"API Pix 2.3.0","description":"","scope":"collection","_type":"workspace"},{"_id":"req_a334741d46694fe6a08c5e34df427a62","parentId":"fld_047200127dd34774873687059f37bccf","modified":1721413897880,"created":1720550421237,"url":"https://api.hm.bb.com.br/loc/{{ _.id }}","name":"Recuperar location do payload.","description":"","method":"GET","body":{},"parameters":[],"headers":[],"authentication":{"clientId":"Cole aqui o client ID obtido na criação da sua API","grantType":"client_credentials","scope":"payloadlocation.read","type":"oauth2","clientSecret":"Cole aqui o client secret obtido na criação da sua API","accessTokenUrl":"https://oauth.hm.bb.com.br/oauth/token"},"metaSortKey":-1720550421237,"isPrivate":false,"settingStoreCookies":true,"settingSendCookies":true,"settingDisableRenderRequestBody":false,"settingEncodeUrl":true,"settingRebuildPath":true,"settingFollowRedirects":"global","_type":"request"},{"_id":"req_bc2f315197214161a9f05e18cc3ec0a7","parentId":"fld_047200127dd34774873687059f37bccf","modified":1721413904447,"created":1720550421235,"url":"https://api.hm.bb.com.br/loc","name":"Criar location do payload.","description":"","method":"POST","body":{"mimeType":"application/json","text":"{\n  \"tipoCob\": \"string\"\n}"},"parameters":[],"headers":[{"name":"Content-Type","disabled":false,"value":"application/json"}],"authentication":{"clientId":"Cole aqui o client ID obtido na criação da sua API","grantType":"client_credentials","scope":"payloadlocation.write","type":"oauth2","clientSecret":"Cole aqui o client secret obtido na criação da sua API","accessTokenUrl":"https://oauth.hm.bb.com.br/oauth/token"},"metaSortKey":-1720550421235,"isPrivate":false,"settingStoreCookies":true,"settingSendCookies":true,"settingDisableRenderRequestBody":false,"settingEncodeUrl":true,"settingRebuildPath":true,"settingFollowRedirects":"global","_type":"request"},{"_id":"req_3a22147a7eff48d78afc9df626bbd06f","parentId":"fld_047200127dd34774873687059f37bccf","modified":1721413907413,"created":1720550421233,"url":"https://api.hm.bb.com.br/loc","name":"Consultar locations cadastradas.","description":"","method":"GET","body":{},"parameters":[{"name":"inicio","disabled":false,"value":"2020-04-01T00:00:00Z"},{"name":"fim","disabled":false,"value":"2020-04-01T23:59:59Z"},{"name":"txIdPresente","disabled":true,"value":"true"},{"name":"tipoCob","disabled":true,"value":"string"},{"name":"paginacao.paginaAtual","disabled":true,"value":"0"},{"name":"paginacao.itensPorPagina","disabled":true,"value":"100"}],"headers":[],"authentication":{"clientId":"Cole aqui o client ID obtido na criação da sua API","grantType":"client_credentials","scope":"payloadlocation.read","type":"oauth2","clientSecret":"Cole aqui o client secret obtido na criação da sua API","accessTokenUrl":"https://oauth.hm.bb.com.br/oauth/token"},"metaSortKey":-1720550421233,"isPrivate":false,"settingStoreCookies":true,"settingSendCookies":true,"settingDisableRenderRequestBody":false,"settingEncodeUrl":true,"settingRebuildPath":true,"settingFollowRedirects":"global","_type":"request"},{"_id":"req_ac747c46bf204a9b9f71861df36614a0","parentId":"fld_df0d698f7c2948a3a84b261f484f4cbb","modified":1721413909943,"created":1720550421231,"url":"https://api.hm.bb.com.br/webhook","name":"Consultar webhooks cadastrados.","description":"","method":"GET","body":{},"parameters":[{"name":"inicio","disabled":false,"value":"2024-07-09T18:40:17.414Z","id":"pair_108b72823d41441bb35abc717b8508de"},{"name":"fim","disabled":false,"value":"2024-07-09T18:40:17.414Z","id":"pair_e1e4513cb30546c99f909e76550b42c3"},{"name":"paginacao.paginaAtual","disabled":true,"value":"0","id":"pair_072322c1986f492d9914ee6103c53c5a"},{"name":"paginacao.itensPorPagina","disabled":true,"value":"100","id":"pair_6d511f9a795d413f84d546c0ddb0fd72"},{"id":"pair_9365de0647cd4574a583f51023e397ee","name":"gw-dev-app-key","value":"da71401f9c21fe272877ab1d5612400b","description":""}],"headers":[],"authentication":{"clientId":"Cole aqui o client ID obtido na criação da sua API","grantType":"client_credentials","scope":"webhook.read","type":"oauth2","clientSecret":"Cole aqui o client secret obtido na criação da sua API","accessTokenUrl":"https://oauth.hm.bb.com.br/oauth/token"},"metaSortKey":-1720550421231,"isPrivate":false,"settingStoreCookies":true,"settingSendCookies":true,"settingDisableRenderRequestBody":false,"settingEncodeUrl":true,"settingRebuildPath":true,"settingFollowRedirects":"global","_type":"request"},{"_id":"fld_df0d698f7c2948a3a84b261f484f4cbb","parentId":"wrk_0cc0094d5ff94f839befc885008eb884","modified":1720550421200,"created":1720550421200,"name":"Webhook","description":"Reúne endpoints para gerenciamento de notificações por parte do PSP recebedor ao usuário recebedor.","environment":{},"environmentPropertyOrder":null,"metaSortKey":-1720550421200,"_type":"request_group"},{"_id":"req_66a5c6f2cbab4c1b9e8b63f0ce06955e","parentId":"fld_df0d698f7c2948a3a84b261f484f4cbb","modified":1721413912581,"created":1720550421230,"url":"https://api.hm.bb.com.br/webhook/hmtestes2@bb.com.br","name":"Cancelar o webhook Pix.","description":"","method":"DELETE","body":{},"parameters":[{"id":"pair_e5c41d27b2d04f3db3c90c7a7848d168","name":"gw-dev-app-key","value":"da71401f9c21fe272877ab1d5612400b","description":""}],"headers":[],"authentication":{"clientId":"Cole aqui o client ID obtido na criação da sua API","grantType":"client_credentials","scope":"webhook.write","type":"oauth2","clientSecret":"Cole aqui o client secret obtido na criação da sua API","accessTokenUrl":"https://oauth.hm.bb.com.br/oauth/token"},"metaSortKey":-1720550421230,"isPrivate":false,"settingStoreCookies":true,"settingSendCookies":true,"settingDisableRenderRequestBody":false,"settingEncodeUrl":true,"settingRebuildPath":true,"settingFollowRedirects":"global","_type":"request"},{"_id":"req_200b80bac12945a9ac30fa7c61f46b61","parentId":"fld_df0d698f7c2948a3a84b261f484f4cbb","modified":1721413915018,"created":1720550421228,"url":"https://api.hm.bb.com.br/webhook/hmtestes2@bb.com.br","name":"Exibir informações acerca do Webhook Pix.","description":"","method":"GET","body":{},"parameters":[{"id":"pair_809c05ed71f84faab49f4a928438e1c2","name":"gw-dev-app-key","value":"da71401f9c21fe272877ab1d5612400b","description":""}],"headers":[],"authentication":{"clientId":"Cole aqui o client ID obtido na criação da sua API","grantType":"client_credentials","scope":"webhook.read","type":"oauth2","clientSecret":"Cole aqui o client secret obtido na criação da sua API","accessTokenUrl":"https://oauth.hm.bb.com.br/oauth/token"},"metaSortKey":-1720550421228,"isPrivate":false,"settingStoreCookies":true,"settingSendCookies":true,"settingDisableRenderRequestBody":false,"settingEncodeUrl":true,"settingRebuildPath":true,"settingFollowRedirects":"global","_type":"request"},{"_id":"req_4b06e4565a63484ea4027dcc26e6d482","parentId":"fld_df0d698f7c2948a3a84b261f484f4cbb","modified":1721413917663,"created":1720550421227,"url":"https://api.hm.bb.com.br/webhook/hmtestes2@bb.com.br","name":"Configurar o Webhook Pix.","description":"","method":"PUT","body":{"mimeType":"application/json","text":"{\n  \"webhookUrl\": \"https://pix.example.com/api/webhook/\"\n}"},"parameters":[{"id":"pair_70ee9da9c8f444a48eb9db3343d64ee8","name":"gw-dev-app-key","value":"da71401f9c21fe272877ab1d5612400b","description":""}],"headers":[{"name":"Content-Type","disabled":false,"value":"application/json"}],"authentication":{"clientId":"Cole aqui o client ID obtido na criação da sua API","grantType":"client_credentials","scope":"webhook.write","type":"oauth2","clientSecret":"Cole aqui o client secret obtido na criação da sua API","accessTokenUrl":"https://oauth.hm.bb.com.br/oauth/token"},"metaSortKey":-1720550421227,"isPrivate":false,"settingStoreCookies":true,"settingSendCookies":true,"settingDisableRenderRequestBody":false,"settingEncodeUrl":true,"settingRebuildPath":true,"settingFollowRedirects":"global","_type":"request"},{"_id":"req_b62c37e7c26f4aa49fd7bb407719b21e","parentId":"fld_107cd3dca3944a82892049d341baa20b","modified":1721413920330,"created":1720550421223,"url":"https://api.hm.bb.com.br/pix/v2/pix","name":"Consultar Pix recebidos.","description":"","method":"GET","body":{},"parameters":[{"name":"inicio","disabled":false,"value":"2024-06-21T12:50:00-03:00","id":"pair_d4d334cec1014e28a3ae97b2acbb7838"},{"name":"fim","disabled":false,"value":"2024-06-21T12:50:00-03:00","id":"pair_d84d4b0eee5d4934ace0add12220bf56"},{"name":"txid","disabled":true,"value":"","id":"pair_7a40a7013d53481dbb3f64ac2ebedd4e"},{"name":"txIdPresente","disabled":true,"value":"true","id":"pair_6df921b05f6942ecbce24a86a28575ff"},{"name":"devolucaoPresente","disabled":true,"value":"true","id":"pair_9e58c1ddce34429a88390171dba00a6d"},{"name":"cpf","disabled":true,"value":"string","id":"pair_dc4bb19e5126463f9758c9b206682d03"},{"name":"cnpj","disabled":true,"value":"string","id":"pair_a32884694d1545198231cbbde0037d9c"},{"name":"paginacao.paginaAtual","disabled":true,"value":"0","id":"pair_feef13dc2baf49e1bcf1f23513396333"},{"name":"paginacao.itensPorPagina","disabled":true,"value":"100","id":"pair_dad62411eaa449d095c3145493e0cab7"},{"id":"pair_1b772884aab240d38cdf777599a3aa98","name":"gw-dev-app-key","value":"da71401f9c21fe272877ab1d5612400b","description":""}],"headers":[],"authentication":{"clientId":"Cole aqui o client ID obtido na criação da sua API","grantType":"client_credentials","scope":"pix.read","type":"oauth2","clientSecret":"Cole aqui o client secret obtido na criação da sua API","accessTokenUrl":"https://oauth.hm.bb.com.br/oauth/token"},"metaSortKey":-1720550421224.75,"isPrivate":false,"settingStoreCookies":true,"settingSendCookies":true,"settingDisableRenderRequestBody":false,"settingEncodeUrl":true,"settingRebuildPath":true,"settingFollowRedirects":"global","_type":"request"},{"_id":"fld_107cd3dca3944a82892049d341baa20b","parentId":"wrk_0cc0094d5ff94f839befc885008eb884","modified":1720550421198,"created":1720550421198,"name":"Pix","description":"reúne endpoints destinados a lidar com  gerenciamento de Pix recebidos.","environment":{},"environmentPropertyOrder":null,"metaSortKey":-1720550421198,"_type":"request_group"},{"_id":"req_e0d1aa97930542c2aac46ca7ee38dd95","parentId":"fld_107cd3dca3944a82892049d341baa20b","modified":1721413923215,"created":1720550421221,"url":"https://api.hm.bb.com.br/pix/v2/pix/E0000000020240515194300566893630","name":"Consultar Pix.","description":"","method":"GET","body":{},"parameters":[{"id":"pair_3f3f9f51cc9c4019b924bec95ce7d0af","name":"gw-dev-app-key","value":"da71401f9c21fe272877ab1d5612400b","description":""}],"headers":[],"authentication":{"clientId":"Cole aqui o client ID obtido na criação da sua API","grantType":"client_credentials","scope":"pix.read","type":"oauth2","clientSecret":"Cole aqui o client secret obtido na criação da sua API","accessTokenUrl":"https://oauth.hm.bb.com.br/oauth/token"},"metaSortKey":-1720550421224.625,"isPrivate":false,"settingStoreCookies":true,"settingSendCookies":true,"settingDisableRenderRequestBody":false,"settingEncodeUrl":true,"settingRebuildPath":true,"settingFollowRedirects":"global","_type":"request"},{"_id":"req_2e7e9546584c4f36b94f6e70656aedd6","parentId":"fld_107cd3dca3944a82892049d341baa20b","modified":1721413926043,"created":1720550421226,"url":"https://api.hm.bb.com.br/pix/v2/pix/E0000000020240515194300566893630/devolucao/<seu_controle>","name":"Consultar devolução.","description":"","method":"GET","body":{},"parameters":[{"id":"pair_8c0bc3e663f24d7aa22d502d03615425","name":"gw-dev-app-key","value":"da71401f9c21fe272877ab1d5612400b","description":""}],"headers":[],"authentication":{"clientId":"Cole aqui o client ID obtido na criação da sua API","grantType":"client_credentials","scope":"pix.read","type":"oauth2","clientSecret":"Cole aqui o client secret obtido na criação da sua API","accessTokenUrl":"https://oauth.hm.bb.com.br/oauth/token"},"metaSortKey":-1720550421224.5,"isPrivate":false,"settingStoreCookies":true,"settingSendCookies":true,"settingDisableRenderRequestBody":false,"settingEncodeUrl":true,"settingRebuildPath":true,"settingFollowRedirects":"global","_type":"request"},{"_id":"req_d430d8c1199d4cc4b4fd2b9e6ad5bca3","parentId":"fld_107cd3dca3944a82892049d341baa20b","modified":1721413928664,"created":1720550421224,"url":"https://api.hm.bb.com.br/pix/v2/pix/<e2e>/devolucao/<seu_controle>","name":"Solicitar devolução.","description":"","method":"PUT","body":{"mimeType":"application/json","text":"{\n  \"valor\": \"7.89\"\n}"},"parameters":[{"id":"pair_7dfe7f8fe7f84f4d8fc33e8b02225811","name":"gw-dev-app-key","value":"da71401f9c21fe272877ab1d5612400b","description":""}],"headers":[{"name":"Content-Type","disabled":false,"value":"application/json"}],"authentication":{"clientId":"Cole aqui o client ID obtido na criação da sua API","grantType":"client_credentials","scope":"pix.write","type":"oauth2","clientSecret":"Cole aqui o client secret obtido na criação da sua API","accessTokenUrl":"https://oauth.hm.bb.com.br/oauth/token"},"metaSortKey":-1720550421224,"isPrivate":false,"settingStoreCookies":true,"settingSendCookies":true,"settingDisableRenderRequestBody":false,"settingEncodeUrl":true,"settingRebuildPath":true,"settingFollowRedirects":"global","_type":"request"},{"_id":"req_a00d8b359cd84acf82151a617eb4e1fa","parentId":"fld_3d271cae4caf4416b256e33bb8c5384e","modified":1721413931620,"created":1720550421220,"url":"https://api.hm.bb.com.br/pix/v2/cobv","name":"Consultar lista de cobranças com vencimento.","description":"","method":"GET","body":{},"parameters":[{"name":"inicio","disabled":false,"value":"2024-07-08T18:40:17.413Z","id":"pair_1d0b070adcb44b8ca93238cf09366352"},{"name":"fim","disabled":false,"value":"2024-07-09T18:40:17.413Z","id":"pair_08076775325d4324aa3ea49e9ab6f7ca"},{"name":"cpf","disabled":true,"value":"string","id":"pair_ad2fe4a46e034694bcf218dae29703c1"},{"name":"cnpj","disabled":true,"value":"string","id":"pair_119211289b784e60b2bac0386b9e4050"},{"name":"locationPresente","disabled":true,"value":"true","id":"pair_3427eaa1ca454414bc5c6229684dd95a"},{"name":"status","disabled":true,"value":"string","id":"pair_568fa373e42c46cb8421832fd317b122"},{"name":"loteCobVId","disabled":true,"value":"0","id":"pair_48781cb037b04c399fe1e7e775680ec0"},{"name":"paginacao.paginaAtual","disabled":true,"value":"0","id":"pair_491df8d15d9e45ad9d0767f991575a25"},{"name":"paginacao.itensPorPagina","disabled":true,"value":"100","id":"pair_58328cb8ef604798a88ff18433a73657"},{"id":"pair_a706bc32160944f99b543e01b6f5c7b2","name":"gw-dev-app-key","value":"da71401f9c21fe272877ab1d5612400b","description":""}],"headers":[],"authentication":{"clientId":"Cole aqui o client ID obtido na criação da sua API","grantType":"client_credentials","scope":"cobv.read","type":"oauth2","clientSecret":"Cole aqui o client secret obtido na criação da sua API","accessTokenUrl":"https://oauth.hm.bb.com.br/oauth/token"},"metaSortKey":-1720550421220,"isPrivate":false,"settingStoreCookies":true,"settingSendCookies":true,"settingDisableRenderRequestBody":false,"settingEncodeUrl":true,"settingRebuildPath":true,"settingFollowRedirects":"global","_type":"request"},{"_id":"fld_3d271cae4caf4416b256e33bb8c5384e","parentId":"wrk_0cc0094d5ff94f839befc885008eb884","modified":1720550421195,"created":1720550421195,"name":"CobV","description":"Reúne endpoints destinados a lidar com gerenciamento de cobranças com vencimento.","environment":{},"environmentPropertyOrder":null,"metaSortKey":-1720550421195,"_type":"request_group"},{"_id":"req_dd807165b98145399ffcd40403397d2e","parentId":"fld_3d271cae4caf4416b256e33bb8c5384e","modified":1721413934749,"created":1720550421215,"url":"https://api.hm.bb.com.br/pix/v2/cobv/<txid>","name":"Criar cobrança com vencimento.","description":"","method":"PUT","body":{"mimeType":"application/json","text":"{\n\t\"calendario\": {\n\t\t\"dataDeVencimento\": \"2035-06-24\",\n\t\t\"validadeAposVencimento\":30\n\t},\n\t\n\t\"devedor\": {\n\t\t\"logradouro\": \"Alameda Souza, Numero 80, Bairro Braz\",\n\t\t\"cidade\": \"Recife\",\n\t\t\"uf\": \"PE\",\n\t\t\"cep\": \"70011750\",\n\t\t\"cpf\": \"12345678909\",\n\t\t\"nome\": \"Francisco da Silva\"\n\t},\n\t\n\t\"valor\": {\n\t\t\"original\": \"123.45\",\n\t\t\"multa\": {\n\t\t\t\"modalidade\":\"2\",\n\t\t\t\"valorPerc\":\"15.00\"\n\t\t},\n\t\t\"juros\": {\n\t\t\t\"modalidade\":\"2\",\n\t\t\t\"valorPerc\":\"2.00\"\n\t\t},\n\t\t\"desconto\":{\n\t\t\t\"modalidade\": \"1\",\n\t\t\t\"descontoDataFixa\": [\n\t\t\t\t{\n\t\t\t\t\t\"data\":\"2030-06-24\",\n\t\t\t\t\t\"valorPerc\":\"30.00\"\n\t\t\t\t}\n\t\t\t]\n\t\t}\n\t\t\n\t\t},\n\t\"chave\": \"95127446000198\",\n\t\"solicitacaoPagador\": \"Cobrança dos serviços prestados.\"\n}"},"parameters":[{"id":"pair_5fc401d7e45c4ad880554d42ed1224e5","name":"gw-dev-app-key","value":"da71401f9c21fe272877ab1d5612400b","description":""}],"headers":[{"name":"Content-Type","disabled":false,"value":"application/json"}],"authentication":{"clientId":"Cole aqui o client ID obtido na criação da sua API","grantType":"client_credentials","scope":"cobv.write","type":"oauth2","clientSecret":"Cole aqui o client secret obtido na criação da sua API","accessTokenUrl":"https://oauth.hm.bb.com.br/oauth/token"},"metaSortKey":-1720550421219,"isPrivate":false,"settingStoreCookies":true,"settingSendCookies":true,"settingDisableRenderRequestBody":false,"settingEncodeUrl":true,"settingRebuildPath":true,"settingFollowRedirects":"global","_type":"request"},{"_id":"req_c84fd3d03dcc4ca7a271015ecd0ad277","parentId":"fld_3d271cae4caf4416b256e33bb8c5384e","modified":1721413937880,"created":1720550421216,"url":"https://api.hm.bb.com.br/pix/v2/cobv/<txid>","name":"Revisar cobrança com vencimento.","description":"","method":"PATCH","body":{"mimeType":"application/json","text":"{}"},"parameters":[{"id":"pair_0672518e368a4923a9828ee33ca67cf7","name":"gw-dev-app-key","value":"da71401f9c21fe272877ab1d5612400b","description":""}],"headers":[{"name":"Content-Type","disabled":false,"value":"application/json"}],"authentication":{"clientId":"Cole aqui o client ID obtido na criação da sua API","grantType":"client_credentials","scope":"cobv.write","type":"oauth2","clientSecret":"Cole aqui o client secret obtido na criação da sua API","accessTokenUrl":"https://oauth.hm.bb.com.br/oauth/token"},"metaSortKey":-1720550421218.5,"isPrivate":false,"settingStoreCookies":true,"settingSendCookies":true,"settingDisableRenderRequestBody":false,"settingEncodeUrl":true,"settingRebuildPath":true,"settingFollowRedirects":"global","_type":"request"},{"_id":"req_b02bf3f6e96440e08c5a2533fee96173","parentId":"fld_3d271cae4caf4416b256e33bb8c5384e","modified":1721413941282,"created":1720550421218,"url":"https://api.hm.bb.com.br/pix/v2/cobv/<txid>","name":"Consultar cobrança com vencimento.","description":"","method":"GET","body":{},"parameters":[{"name":"revisao","disabled":true,"value":"undefined","id":"pair_01e39cae4aca41d2bea682bedc150de6"},{"id":"pair_bf9d630ff52e4f5db2908afdd290bf83","name":"gw-dev-app-key","value":"da71401f9c21fe272877ab1d5612400b","description":""}],"headers":[],"authentication":{"clientId":"Cole aqui o client ID obtido na criação da sua API","grantType":"client_credentials","scope":"cobv.read","type":"oauth2","clientSecret":"Cole aqui o client secret obtido na criação da sua API","accessTokenUrl":"https://oauth.hm.bb.com.br/oauth/token"},"metaSortKey":-1720550421218,"isPrivate":false,"settingStoreCookies":true,"settingSendCookies":true,"settingDisableRenderRequestBody":false,"settingEncodeUrl":true,"settingRebuildPath":true,"settingFollowRedirects":"global","_type":"request"},{"_id":"req_f608d294590541fc88dfdbfd13e6ee81","parentId":"fld_0eba88ee221d48579200a93d253228f9","modified":1721413945346,"created":1720550421212,"url":"https://api.hm.bb.com.br/pix/v2/cob","name":"Criar cobrança imediata.","description":"","method":"POST","body":{"mimeType":"application/json","text":"{\n  \"calendario\": {\n    \"expiracao\": 3600\n  },\n  \"devedor\": {\n    \"cnpj\": \"12345678000195\",\n    \"nome\": \"Empresa de Serviços SA\"\n  },\n  \"valor\": {\n    \"original\": \"37.00\"\n  },\n  \"chave\": \"9e881f18-cc66-4fc7-8f2c-a795dbb2bfc1\",\n  \"solcnpjitacaoPagador\": \"Serviço realizado.\",\n  \"infoAdicionais\": [\n    {\n      \"nome\": \"Campo 1\",\n      \"valor\": \"Informação Adicional1 do PSP-Recebedor\"\n    },\n    {\n      \"nome\": \"Campo 2\",\n      \"valor\": \"Informação Adicional2 do PSP-Recebedor\"\n    }\n  ]\n}"},"parameters":[{"id":"pair_da53ad60bd6d4bf1837aa211d180c5c7","name":"gw-dev-app-key","value":"da71401f9c21fe272877ab1d5612400b","description":""}],"headers":[{"name":"Content-Type","disabled":false,"value":"application/json"}],"authentication":{"clientId":"Cole aqui o client ID obtido na criação da sua API","grantType":"client_credentials","scope":"cob.write","type":"oauth2","clientSecret":"Cole aqui o client secret obtido na criação da sua API","accessTokenUrl":"https://oauth.hm.bb.com.br/oauth/token"},"metaSortKey":-1720550421212,"isPrivate":false,"settingStoreCookies":true,"settingSendCookies":true,"settingDisableRenderRequestBody":false,"settingEncodeUrl":true,"settingRebuildPath":true,"settingFollowRedirects":"global","_type":"request"},{"_id":"fld_0eba88ee221d48579200a93d253228f9","parentId":"wrk_0cc0094d5ff94f839befc885008eb884","modified":1720550421192,"created":1720550421192,"name":"Cob","description":"Reúne endpoints destinados a lidar com gerenciamento de cobranças imediatas.","environment":{},"environmentPropertyOrder":null,"metaSortKey":-1720550421192,"_type":"request_group"},{"_id":"req_4c323a02bbff459ab762e1c14e873f47","parentId":"fld_0eba88ee221d48579200a93d253228f9","modified":1721413948565,"created":1720550421213,"url":"https://api.hm.bb.com.br/pix/v2/cob","name":"Consultar lista de cobranças imediatas.","description":"","method":"GET","body":{},"parameters":[{"name":"inicio","disabled":false,"value":"2024-07-09T18:40:17.413Z","id":"pair_0bbfa8b7e32b471c81b9bcf7d8e54d32"},{"name":"fim","disabled":false,"value":"2024-07-09T18:40:17.413Z","id":"pair_d9b5a1765dd5444a94bfc473885331cb"},{"name":"cpf","disabled":true,"value":"string","id":"pair_d2a7961d5ebf481ca6d648209375507f"},{"name":"cnpj","disabled":true,"value":"string","id":"pair_bd710b75f0e84118925f0edcf785f290"},{"name":"locationPresente","disabled":true,"value":"true","id":"pair_9ac47fce804143538c543d73943bea03"},{"name":"status","disabled":true,"value":"string","id":"pair_1fff97a27da0419690b46df4d1c5d958"},{"name":"paginacao.paginaAtual","disabled":true,"value":"0","id":"pair_ecff2cea3e3048bdbc9c7d777c0fbaac"},{"name":"paginacao.itensPorPagina","disabled":true,"value":"100","id":"pair_c01b766e668a41b4b53cb5541b287a9d"},{"id":"pair_fe2e27a8a2274b5993873b414833c0f0","name":"gw-dev-app-key","value":"da71401f9c21fe272877ab1d5612400b","description":""}],"headers":[],"authentication":{"clientId":"Cole aqui o client ID obtido na criação da sua API","grantType":"client_credentials","scope":"cob.read","type":"oauth2","clientSecret":"Cole aqui o client secret obtido na criação da sua API","accessTokenUrl":"https://oauth.hm.bb.com.br/oauth/token"},"metaSortKey":-1720550421211,"isPrivate":false,"settingStoreCookies":true,"settingSendCookies":true,"settingDisableRenderRequestBody":false,"settingEncodeUrl":true,"settingRebuildPath":true,"settingFollowRedirects":"global","_type":"request"},{"_id":"req_c5e5dc343c974c9bb3e4b680a6dbc879","parentId":"fld_0eba88ee221d48579200a93d253228f9","modified":1721413951497,"created":1720550421206,"url":"https://api.hm.bb.com.br/pix/v2/cob/<txid>","name":"Criar cobrança imediata.","description":"","method":"PUT","body":{"mimeType":"application/json","text":"{}"},"parameters":[{"id":"pair_deaa34e178794f52a1482628b3e696e4","name":"gw-dev-app-key","value":"da71401f9c21fe272877ab1d5612400b","description":""}],"headers":[{"name":"Content-Type","disabled":false,"value":"application/json"}],"authentication":{"clientId":"Cole aqui o client ID obtido na criação da sua API","grantType":"client_credentials","scope":"cob.write","type":"oauth2","clientSecret":"Cole aqui o client secret obtido na criação da sua API","accessTokenUrl":"https://oauth.hm.bb.com.br/oauth/token"},"metaSortKey":-1720550421210.5,"isPrivate":false,"settingStoreCookies":true,"settingSendCookies":true,"settingDisableRenderRequestBody":false,"settingEncodeUrl":true,"settingRebuildPath":true,"settingFollowRedirects":"global","_type":"request"},{"_id":"req_e8ab0231c5d447b29d18c9079193a455","parentId":"fld_0eba88ee221d48579200a93d253228f9","modified":1721413954498,"created":1720550421210,"url":"https://api.hm.bb.com.br/pix/v2/cob/<txid>","name":"Consultar cobrança imediata.","description":"","method":"GET","body":{},"parameters":[{"name":"revisao","disabled":true,"value":"undefined","id":"pair_f3cb732c1e79400595b0e70fdc7a44a1"},{"id":"pair_b8cba811ea1b4e97a3610f597e6a09a0","name":"gw-dev-app-key","value":"da71401f9c21fe272877ab1d5612400b","description":""}],"headers":[],"authentication":{"clientId":"Cole aqui o client ID obtido na criação da sua API","grantType":"client_credentials","scope":"cob.read","type":"oauth2","clientSecret":"Cole aqui o client secret obtido na criação da sua API","accessTokenUrl":"https://oauth.hm.bb.com.br/oauth/token"},"metaSortKey":-1720550421210,"isPrivate":false,"settingStoreCookies":true,"settingSendCookies":true,"settingDisableRenderRequestBody":false,"settingEncodeUrl":true,"settingRebuildPath":true,"settingFollowRedirects":"global","_type":"request"},{"_id":"req_85e23af3f06c4e0193b59d2a64bb5a30","parentId":"fld_0eba88ee221d48579200a93d253228f9","modified":1721413957113,"created":1720550421208,"url":"https://api.hm.bb.com.br/pix/v2/cob/<txid>","name":"Revisar cobrança imediata.","description":"","method":"PATCH","body":{"mimeType":"application/json","text":"{}"},"parameters":[{"id":"pair_33a5c920a4024a9ba4d18969f3689564","name":"gw-dev-app-key","value":"da71401f9c21fe272877ab1d5612400b","description":""}],"headers":[{"name":"Content-Type","disabled":false,"value":"application/json"}],"authentication":{"clientId":"Cole aqui o client ID obtido na criação da sua API","grantType":"client_credentials","scope":"cob.write","type":"oauth2","clientSecret":"Cole aqui o client secret obtido na criação da sua API","accessTokenUrl":"https://oauth.hm.bb.com.br/oauth/token"},"metaSortKey":-1720550421208,"isPrivate":false,"settingStoreCookies":true,"settingSendCookies":true,"settingDisableRenderRequestBody":false,"settingEncodeUrl":true,"settingRebuildPath":true,"settingFollowRedirects":"global","_type":"request"},{"_id":"env_3dc61a3235f644fcb27a4f0df67631f1","parentId":"wrk_0cc0094d5ff94f839befc885008eb884","modified":1720550421186,"created":1720550421186,"name":"Base environment","data":{"base_url":"{{ _.scheme }}://{{ _.host }}{{ _.base_path }}"},"dataPropertyOrder":null,"color":null,"isPrivate":false,"metaSortKey":1720550421186,"_type":"environment"},{"_id":"jar_b8cd34c3292248d084d5ab2db0e95315","parentId":"wrk_0cc0094d5ff94f839befc885008eb884","modified":1721413432258,"created":1720550429200,"name":"Default Jar","cookies":[{"key":"417d7c113d3cb6d8473e4a5135ae2ee2","value":"d1324a7d2665c63ce1027b3530aaac2d","domain":"api.hm.bb.com.br","path":"/","secure":true,"httpOnly":true,"extensions":["SameSite=None"],"hostOnly":true,"creation":"2024-07-09T18:54:47.029Z","lastAccessed":"2024-07-09T18:54:47.029Z","id":"039785561355223154"},{"key":"417d7c113d3cb6d8473e4a5135ae2ee2","value":"d1324a7d2665c63ce1027b3530aaac2d","domain":"api.hm.bb.com.br","path":"/pix/v2","hostOnly":true,"pathIsDefault":true,"creation":"2024-07-09T19:06:38.443Z","lastAccessed":"2024-07-09T19:06:38.443Z","id":"5077940528634903"},{"key":"eccd86754500cb87ff23bae614490760","value":"2cb3d035d0780f4ca069d49730d6a888","domain":"api.hm.bb.com.br","path":"/","secure":true,"httpOnly":true,"extensions":["SameSite=None"],"hostOnly":true,"creation":"2024-07-09T19:06:38.444Z","lastAccessed":"2024-07-11T22:58:54.410Z","id":"3902051338038064"},{"key":"417d7c113d3cb6d8473e4a5135ae2ee2","value":"d1324a7d2665c63ce1027b3530aaac2d","domain":"api.hm.bb.com.br","path":"/pix/v2/cob","extensions":["417d7c113d3cb6d8473e4a5135ae2ee2=d1324a7d2665c63ce1027b3530aaac2d","eccd86754500cb87ff23bae614490760=0a3bf6d5a34fc04d73488d43566f460d","417d7c113d3cb6d8473e4a5135ae2ee2=d1324a7d2665c63ce1027b3530aaac2d"],"hostOnly":true,"pathIsDefault":true,"creation":"2024-07-09T19:10:06.175Z","lastAccessed":"2024-07-09T19:29:59.397Z","id":"5901411124682217"},{"key":"417d7c113d3cb6d8473e4a5135ae2ee2","value":"d1324a7d2665c63ce1027b3530aaac2d","domain":"api.hm.bb.com.br","path":"/pix/v2/cobv","extensions":["417d7c113d3cb6d8473e4a5135ae2ee2=d1324a7d2665c63ce1027b3530aaac2d","eccd86754500cb87ff23bae614490760=0a3bf6d5a34fc04d73488d43566f460d","417d7c113d3cb6d8473e4a5135ae2ee2=d1324a7d2665c63ce1027b3530aaac2d"],"hostOnly":true,"pathIsDefault":true,"creation":"2024-07-09T19:25:11.254Z","lastAccessed":"2024-07-09T19:30:41.615Z","id":"41403396289635697"},{"key":"417d7c113d3cb6d8473e4a5135ae2ee2","value":"d1324a7d2665c63ce1027b3530aaac2d","domain":"api.hm.bb.com.br","path":"/pix/v2/pix/PIXVENCIMENTO0000000000000003495211/devolucao","extensions":["417d7c113d3cb6d8473e4a5135ae2ee2=d1324a7d2665c63ce1027b3530aaac2d","eccd86754500cb87ff23bae614490760=4b269122d1a5db95f2dbc7009c379570","417d7c113d3cb6d8473e4a5135ae2ee2=d1324a7d2665c63ce1027b3530aaac2d"],"hostOnly":true,"pathIsDefault":true,"creation":"2024-07-11T22:51:24.886Z","lastAccessed":"2024-07-11T22:58:07.890Z","id":"3406205968345539"},{"key":"417d7c113d3cb6d8473e4a5135ae2ee2","value":"d1324a7d2665c63ce1027b3530aaac2d","domain":"api.hm.bb.com.br","path":"/pix/v2/pix/E0000000020240515194300566893630/devolucao","extensions":["417d7c113d3cb6d8473e4a5135ae2ee2=d1324a7d2665c63ce1027b3530aaac2d","eccd86754500cb87ff23bae614490760=18b9910ccd852ac852a638294d61315c","417d7c113d3cb6d8473e4a5135ae2ee2=d1324a7d2665c63ce1027b3530aaac2d"],"hostOnly":true,"pathIsDefault":true,"creation":"2024-07-11T22:55:32.601Z","lastAccessed":"2024-07-11T22:58:31.641Z","id":"7463547596085796"},{"key":"417d7c113d3cb6d8473e4a5135ae2ee2","value":"d1324a7d2665c63ce1027b3530aaac2d","domain":"api.hm.bb.com.br","path":"/pix/v2/pix/1234/devolucao","extensions":["eccd86754500cb87ff23bae614490760=2cb3d035d0780f4ca069d49730d6a888","417d7c113d3cb6d8473e4a5135ae2ee2=d1324a7d2665c63ce1027b3530aaac2d"],"hostOnly":true,"pathIsDefault":true,"creation":"2024-07-11T22:58:54.410Z","lastAccessed":"2024-07-11T22:58:54.410Z","id":"32823142229880675"},{"key":"JSESSIONID","value":"1ZfMPG4JWKt03Eh67Gw_7I2WyXLjPJWQB_b7edhE7dyloNvwvrUZ!1802968634","domain":"oauth.hm.bb.com.br","path":"/","secure":true,"httpOnly":true,"hostOnly":true,"creation":"2024-07-19T18:23:52.257Z","lastAccessed":"2024-07-19T18:23:52.257Z","id":"6820031728135902"}],"_type":"cookie_jar"},{"_id":"env_bbb41ea6bcc0484eb659a0ca04be5013","parentId":"env_3dc61a3235f644fcb27a4f0df67631f1","modified":1720550421188,"created":1720550421188,"name":"OpenAPI env api-pix.hm.bb.com.br","data":{"scheme":"https","base_path":"/pix/v2","host":"api-pix.hm.bb.com.br","oauth2ClientId":"clientId","oauth2ClientSecret":"clientSecret"},"dataPropertyOrder":null,"color":null,"isPrivate":false,"metaSortKey":1720550421188,"_type":"environment"},{"_id":"env_eb69edd4696641778217baba1af71638","parentId":"env_3dc61a3235f644fcb27a4f0df67631f1","modified":1720550421190,"created":1720550421190,"name":"OpenAPI env api-pix.bb.com.br","data":{"scheme":"https","base_path":"/pix/v2","host":"api-pix.bb.com.br","oauth2ClientId":"clientId","oauth2ClientSecret":"clientSecret"},"dataPropertyOrder":null,"color":null,"isPrivate":false,"metaSortKey":1720550421190,"_type":"environment"}]}